Model,Z_SMSE,Z_MSE,Y_SMSE,Y_MSE,Y_SMSE_TOP,Y_MSE_TOP,LML,Kernel_Params
"Local Sens + Ridge + Mat 2.5 + WhiteK, x:none, y:pow-scaled",0.338304,0.3383039513133457,0.623809,0.0034029885683403214,0.00855895,4.6690622797746624e-05,-28.5658,"0.441**2 * Matern(len_scale=[0.188, 0.288, 0.478], nu=1.5) + DotProduct(sigma_0=0.000687) + 0.86**2 * Matern(len_scale=[10, 0.779, 0.0742], nu=2.5) + WhiteK(noise=1e-07)"
"Local Sens + Mat 2.5 + WhiteK, x:none, y:pow-scaled",0.345746,0.34574569548768175,0.671857,0.003665098522712686,0.00969864,5.290781927017878e-05,-27.7914,"0.404**2 * Matern(len_scale=[0.166, 0.261, 0.498], nu=1.5) + 0.946**2 * Matern(len_scale=[10, 0.743, 0.082], nu=2.5) + WhiteK(noise=1e-07)"
"Linear + RBF + WhiteK, x:none, y:logshift",1.2947,0.24546462464696578,2.58618,0.01410807619136762,0.0120281,6.561549690253369e-05,-1.86887,"DotProduct(sigma_0=1.11e-07) + 1.16**2 * RBF(len_scale=[1.05, 1.21, 0.187]) + WhiteK(noise=6.15e-05)"
"Local Sens + Mat 2.5 + WhiteK, x:none, y:scaled",0.673649,0.6736489899875425,0.673649,0.0036748765667472738,0.0148396,8.095293250863942e-05,-21.8448,"0.333**2 * Matern(len_scale=[0.563, 0.436, 1.98], nu=1.5) + 1.89**2 * Matern(len_scale=[10, 10, 0.12], nu=2.5) + WhiteK(noise=0.00231)"
"RBF + WhiteK, x:none, y:none",1.23795,0.006753237473729303,1.23795,0.006753237473729303,0.0153422,8.369442775946178e-05,38.2463,"0.171**2 * RBF(len_scale=[0.786, 0.823, 0.148]) + WhiteK(noise=1.44e-05)"
"Local Sens + Mat 2.5 + WhiteK, x:none, y:logshift-scaled",1.07124,1.0712362933986397,1.46141,0.00797222801467625,0.0156913,8.559861949557837e-05,-15.7232,"0.158**2 * Matern(len_scale=[0.509, 0.48, 10], nu=1.5) + 1.89**2 * Matern(len_scale=[10, 10, 0.116], nu=2.5) + WhiteK(noise=0.000248)"
"Local Sens + Mat 2.5 + WhiteK, x:scaled, y:scaled",0.734511,0.7345114847148942,0.734511,0.004006892437017428,0.0164265,8.960936669333133e-05,-24.0079,"0.291**2 * Matern(len_scale=[1.05, 1.35, 3.8], nu=1.5) + 1.35**2 * Matern(len_scale=[10, 10, 0.359], nu=2.5) + WhiteK(noise=1.28e-07)"
"Local Sens + Ridge + Mat 2.5 + WhiteK, x:none, y:scaled",0.672002,0.6720024418402515,0.672002,0.003665894350055147,0.0165422,9.024070407765313e-05,-22.907,"0.505**2 * Matern(len_scale=[0.87, 0.653, 6.71], nu=1.5) + DotProduct(sigma_0=0.748) + 1.68**2 * Matern(len_scale=[10, 10, 0.111], nu=2.5) + WhiteK(noise=0.00296)"
"Local Sens + Ridge + Mat 2.5 + WhiteK, x:none, y:none",0.581995,0.003174885541822246,0.581995,0.003174885541822246,0.0186431,0.00010170158410460456,41.7329,"0.0567**2 * Matern(len_scale=[1.27, 0.936, 10], nu=1.5) + DotProduct(sigma_0=5.16e-05) + 0.142**2 * Matern(len_scale=[10, 10, 0.13], nu=2.5) + WhiteK(noise=1.82e-05)"
"Local Sens + Ridge + Mat 2.5 + WhiteK, x:scaled, y:none",0.852563,0.004650882819969764,0.852563,0.004650882819969764,0.0198462,0.00010826463431812951,34.4671,"0.0595**2 * Matern(len_scale=[10, 10, 0.299], nu=1.5) + DotProduct(sigma_0=0.279) + 0.231**2 * Matern(len_scale=[5.82, 6.89, 3.51], nu=2.5) + WhiteK(noise=1.66e-05)"
"Local Sens + Mat 2.5 + WhiteK, x:none, y:logshift",1.1325,0.21471246213935652,1.78656,0.009745993581147751,0.0201785,0.0001100771718100865,3.24981,"0.0938**2 * Matern(len_scale=[0.714, 0.634, 10], nu=1.5) + 1.63**2 * Matern(len_scale=[10, 10, 0.199], nu=2.5) + WhiteK(noise=6.14e-05)"
"Linear + RBF + WhiteK, x:scaled, y:scaled",0.879811,0.8798114518542036,0.879811,0.004799529926757109,0.0219648,0.00011982219904211197,-29.0288,"DotProduct(sigma_0=0.946) + 1.37**2 * RBF(len_scale=[2.52, 2.99, 0.393]) + WhiteK(noise=0.00329)"
"Local Sens + Mat 2.5 + WhiteK, x:scaled, y:logshift-scaled",1.07893,1.0789327992503095,1.31099,0.007151681475196715,0.0224842,0.00012265513523558483,-20.3906,"0.144**2 * Matern(len_scale=[1.29, 1.5, 10], nu=1.5) + 1.38**2 * Matern(len_scale=[10, 10, 0.341], nu=2.5) + WhiteK(noise=0.000117)"
"Local Sens + Ridge + Mat 2.5 + WhiteK, x:scaled, y:logshift",1.49641,0.2837069721511751,3.72984,0.02034694894614417,0.023434,0.00012783691130570688,-4.04734,"0.00492**2 * Matern(len_scale=[0.028, 0.0948, 0.101], nu=1.5) + DotProduct(sigma_0=2.75) + 1.99**2 * Matern(len_scale=[9.21, 10, 1.5], nu=2.5) + WhiteK(noise=6.55e-05)"
"Local Sens + Mat 2.5 + WhiteK, x:scaled, y:none",0.856496,0.00467234167696726,0.856496,0.00467234167696726,0.0242864,0.00013248683957121498,42.5006,"0.0707**2 * Matern(len_scale=[10, 10, 0.309], nu=1.5) + 0.189**2 * Matern(len_scale=[5.15, 6.6, 4.04], nu=2.5) + WhiteK(noise=1.59e-05)"
"Local Sens + Ridge + Mat 2.5 + WhiteK, x:none, y:logshift-scaled",1.08184,1.0818378801594901,1.46735,0.008004680755970914,0.0245586,0.00013397172545848293,-17.7102,"0.29**2 * Matern(len_scale=[0.878, 0.875, 10], nu=1.5) + DotProduct(sigma_0=5.16e-05) + 1.8**2 * Matern(len_scale=[10, 10, 0.113], nu=2.5) + WhiteK(noise=0.000326)"
"Local Sens + Mat 2.5 + WhiteK, x:scaled, y:logshift",1.63611,0.31019305703190125,4.54842,0.024812453575731017,0.0248241,0.00013542012038297472,-2.83833,"0.00533**2 * Matern(len_scale=[0.0281, 0.0965, 0.102], nu=1.5) + 2.45**2 * Matern(len_scale=[9.49, 10, 1.71], nu=2.5) + WhiteK(noise=6.56e-05)"
"Matern 2.5 + WhiteK, x:scaled, y:logshift",1.63611,0.31019311621203083,4.54842,0.024812435253842153,0.0248242,0.0001354203754413168,-2.83833,"2.45**2 * Matern(len_scale=[9.49, 10, 1.71], nu=2.5) + WhiteK(noise=9.41e-05)"
"Local Sens + Ridge + Mat 2.5 + WhiteK, x:none, y:logshift",1.05607,0.2002214565712339,1.44076,0.007859607954634222,0.0269448,0.0001469888841033594,2.38324,"0.214**2 * Matern(len_scale=[1.38, 1.37, 10], nu=1.5) + DotProduct(sigma_0=1.16) + 0.842**2 * Matern(len_scale=[10, 10, 0.125], nu=2.5) + WhiteK(noise=7.05e-05)"
"Local Sens + Ridge + Mat 2.5 + WhiteK, x:scaled, y:power",0.396117,0.00022965774232032218,0.698172,0.0038086554424281212,0.0288214,0.0001572261246799595,56.7763,"0.0184**2 * Matern(len_scale=[5.17, 10, 0.323], nu=1.5) + DotProduct(sigma_0=0.0979) + 0.05**2 * Matern(len_scale=[10, 3.4, 3.06], nu=2.5) + WhiteK(noise=3.33e-05)"
"Matern 0.5 + WhiteK, x:scaled, y:logshift",1.282,0.24305645311224855,1.755,0.009573833860650456,0.0293932,0.0001603452358301258,-13.7839,"0.897**2 * Matern(len_scale=[8.23, 10, 3.68], nu=0.5) + WhiteK(noise=1e-07)"
"Matern 0.5, x:scaled, y:logshift",1.282,0.2430564847336059,1.755,0.0095738356135925,0.0293932,0.00016034546392997947,-13.7839,"0.897**2 + Matern(len_scale=[8.23, 10, 3.68], nu=0.5)"
"Local Sens + Ridge + Mat 2.5 + WhiteK, x:none, y:power",0.406842,0.00023587554473695184,0.691978,0.003774864745056647,0.0301799,0.0001646369135717148,60.835,"0.0202**2 * Matern(len_scale=[1.75, 10, 0.0933], nu=1.5) + DotProduct(sigma_0=0.0867) + 0.0587**2 * Matern(len_scale=[10, 0.99, 0.857], nu=2.5) + WhiteK(noise=3.64e-05)"
"Linear + RBF + WhiteK, x:none, y:power",0.436072,0.0002528222144636935,0.671261,0.003661852349631029,0.0313559,0.00017105207326450743,59.1525,"DotProduct(sigma_0=0.0604) + 0.0224**2 * RBF(len_scale=[0.455, 0.487, 0.0667]) + WhiteK(noise=1.55e-05)"
"Matern 1.5, x:none, y:logshift-scaled",1.11486,1.114864606878249,1.4758,0.008050762858555912,0.0318831,0.00017392783372668767,-22.1552,"1.58**2 + Matern(len_scale=[2.41, 7.46, 0.106], nu=1.5)"
"Linear + RBF + WhiteK, x:scaled, y:pow-scaled",0.453287,0.4532868546166741,0.691864,0.0037742436133595754,0.0325967,0.000177820621540967,-32.6401,"DotProduct(sigma_0=0.394) + 0.886**2 * RBF(len_scale=[1.44, 1.71, 0.235]) + WhiteK(noise=0.0265)"
"Periodic + WhiteK, x:scaled, y:power",5.61567,0.003255810189017899,1.88302,0.010272226484167105,0.0326782,0.00017826568479495104,39.0074,"0.0167**2 * ExpSineSquared(len_scale=1.77e-06, periodicity=2.92e-07) + WhiteK(noise=0.00298)"
"Periodic, x:none, y:power",5.61567,0.003255810189017899,1.88302,0.010272226557195426,0.0326782,0.0001782656913183098,39.0074,"0.0571**2 + ExpSineSquared(len_scale=2.17e-05, periodicity=8.53e-05)"
"Periodic, x:scaled, y:power",5.61567,0.003255810189017899,1.88302,0.010272226557195426,0.0326782,0.0001782656913183098,39.0074,"0.0571**2 + ExpSineSquared(len_scale=2.17e-05, periodicity=8.53e-05)"
"Linear + RBF + WhiteK, x:none, y:pow-scaled",0.410805,0.4108049252851713,0.687599,0.0037509774715732747,0.0343827,0.0001875637278606697,-29.8345,"DotProduct(sigma_0=9.05e-07) + 0.855**2 * RBF(len_scale=[0.441, 0.47, 0.0557]) + WhiteK(noise=0.028)"
"Locally Periodic, x:none, y:none",1.17491,0.006409339397504369,1.17491,0.006409339397504369,0.0351068,0.00019151406077304604,33.3685,"0.128**2 * RBF(len_scale=[4.59e+03, 10.4, 120]) + ExpSineSquared(len_scale=0.000199, periodicity=9.29e+03)"
"Matern 1.5, x:scaled, y:power",0.769005,0.0004458478381375041,0.950637,0.0051858978172927405,0.035787,0.00019522426065457328,62.3896,"0.0608**2 + Matern(len_scale=[3.31, 3.79, 1.37], nu=1.5)"
"Matern 1.5, x:none, y:power",0.769005,0.00044584773031453614,0.950635,0.00518588700455435,0.0357871,0.0001952248556079492,62.3896,"0.0608**2 + Matern(len_scale=[0.982, 1.05, 0.344], nu=1.5)"
"Ridge + RQ + WhiteK, x:scaled, y:logshift-scaled",1.25159,1.2515880328751068,1.74854,0.009538580240294359,0.0361389,0.00019714406114669197,-30.6348,"DotProduct(sigma_0=1e-07) + 1.35**2 * RationalQuadratic(α=1e+05, len_scale=1.13) + WhiteK(noise=1e-07)"
"Linear + RBF + WhiteK, x:none, y:none",0.538088,0.002935369586103074,0.538088,0.002935369586103074,0.0371099,0.00020244135005657873,38.2146,"DotProduct(sigma_0=1.11e-07) + 0.192**2 * RBF(len_scale=[10, 1.04, 0.126]) + WhiteK(noise=5.81e-05)"
"Local Sens + Ridge + Mat 2.5 + WhiteK, x:scaled, y:pow-scaled",0.486873,0.4868728305433101,0.709234,0.0038689982263965805,0.0372612,0.00020326631682337313,-32.9738,"0.0932**2 * Matern(len_scale=[0.0271, 0.0993, 0.1], nu=1.5) + DotProduct(sigma_0=0.361) + 0.893**2 * Matern(len_scale=[1.74, 2.05, 0.246], nu=2.5) + WhiteK(noise=0.0137)"
"RBF + WhiteK, x:none, y:scaled",0.804163,0.8041634437412585,0.804163,0.004386856418049688,0.037947,0.00020700765520224952,-25.8615,"2.34**2 * RBF(len_scale=[10, 0.974, 0.116]) + WhiteK(noise=0.0129)"
"Matern 1.5, x:scaled, y:logshift-scaled",1.08447,1.0844690670118222,1.31534,0.007175439022884206,0.0389347,0.00021239586064258174,-23.1467,"1.32**2 + Matern(len_scale=[7.5, 10, 0.334], nu=1.5)"
"Linear + RBF + WhiteK, x:none, y:scaled",0.759247,0.7592469150178318,0.759247,0.004141828664251075,0.0402773,0.00021971993008565425,-26.6123,"DotProduct(sigma_0=3.08e-05) + 2.1**2 * RBF(len_scale=[8.53, 0.93, 0.111]) + WhiteK(noise=0.0118)"
"Local Sens + Ridge + Mat 2.5 + WhiteK, x:scaled, y:logshift-scaled",1.17656,1.1765639681514488,1.92162,0.01048280911075304,0.0409787,0.00022354631062464282,-24.5377,"0.00316**2 * Matern(len_scale=[1e-07, 0.0755, 0.102], nu=1.5) + DotProduct(sigma_0=0.528) + 1.48**2 * Matern(len_scale=[5.65, 10, 0.413], nu=2.5) + WhiteK(noise=0.000499)"
"Matern 2.5 + WhiteK, x:scaled, y:logshift-scaled",1.13291,1.132905647000768,1.57834,0.008610151783611093,0.0416869,0.00022740961281379093,-22.0178,"1.49**2 * Matern(len_scale=[6.49, 10, 0.354], nu=2.5) + WhiteK(noise=0.000582)"
"Matern 1.5, x:scaled, y:scaled",0.845773,0.8457732406618674,0.845773,0.00461384535431082,0.0420575,0.00022943103352785808,-27.9888,"1.24**2 + Matern(len_scale=[3.46, 7.39, 0.316], nu=1.5)"
"Matern 2.5 + WhiteK, x:none, y:pow-scaled",0.472978,0.4729775694085714,0.776007,0.0042332560725188645,0.0423316,0.00023092627545070562,-29.8188,"0.916**2 * Matern(len_scale=[0.578, 0.496, 0.0657], nu=2.5) + WhiteK(noise=0.0301)"
"Matern 2.5 + WhiteK, x:scaled, y:pow-scaled",0.472977,0.47297741041018576,0.776006,0.004233254653712081,0.0423316,0.00023092633712267982,-29.8188,"0.916**2 * Matern(len_scale=[1.95, 1.79, 0.261], nu=2.5) + WhiteK(noise=0.0301)"
"Local Sens + Mat 2.5 + WhiteK, x:scaled, y:power",0.436549,0.0002530991693071336,0.715409,0.0039026866447494295,0.0426415,0.00023261718258759921,68.2389,"0.022**2 * Matern(len_scale=[2.16, 2.23, 0.289], nu=1.5) + 0.0479**2 * Matern(len_scale=[10, 10, 10], nu=2.5) + WhiteK(noise=1.21e-05)"
"Local Sens + Mat 2.5 + WhiteK, x:none, y:power",0.38801,0.00022495767810422286,0.694125,0.0037865780694826268,0.0429351,0.00023421889312682628,69.3688,"0.0222**2 * Matern(len_scale=[0.709, 0.617, 0.0758], nu=1.5) + 0.0591**2 * Matern(len_scale=[10, 10, 10], nu=2.5) + WhiteK(noise=1.39e-05)"
"Matern 2.5, x:none, y:logshift-scaled",1.14577,1.1457660140371042,1.80713,0.009858213248972458,0.0432241,0.0002357954650091548,-23.4833,"1.64**2 + Matern(len_scale=[0.892, 4.08, 0.136], nu=2.5)"
"Locally Periodic, x:scaled, y:logshift",1.67963,0.3184432438866274,3.83813,0.020937690552357276,0.0436097,0.00023789876632458488,-12.8878,"1.19**2 * RBF(len_scale=[4.59e+03, 1e+05, 94.7]) + ExpSineSquared(len_scale=0.00233, periodicity=4.04e+03)"
"Matern 2.5 + WhiteK, x:none, y:power",0.60925,0.00035322614653260647,0.908639,0.00495679170763596,0.0439054,0.00023951209210658388,65.2919,"0.072**2 * Matern(len_scale=[7.22, 0.846, 0.291], nu=2.5) + WhiteK(noise=5.18e-05)"
"Locally Periodic, x:none, y:power",1.18537,0.0006872455012759871,1.10741,0.006041106582420968,0.0442575,0.0002414324968374399,55.6234,"0.0549**2 * RBF(len_scale=[4.59e+03, 10.3, 120]) + ExpSineSquared(len_scale=0.000113, periodicity=1.61e+04)"
"RBF + WhiteK, x:scaled, y:none",1.00267,0.005469769907399331,1.00267,0.005469769907399331,0.044456,0.00024251536767135376,40.4456,"0.196**2 * RBF(len_scale=[10, 3.52, 0.488]) + WhiteK(noise=6.27e-05)"
"Matern 1.5, x:scaled, y:pow-scaled",0.50844,0.5084395752540195,0.810037,0.004418898668436493,0.0447277,0.00024399773259105195,-30.5405,"0.914**2 + Matern(len_scale=[1.37, 2.07, 0.208], nu=1.5)"
"Ridge + RQ + WhiteK, x:scaled, y:logshift",1.32312,0.2508530094831788,1.89991,0.0103643292173094,0.0448321,0.0002445673720762039,-12.1621,"DotProduct(sigma_0=1.25) + 0.687**2 * RationalQuadratic(α=13, len_scale=1.25) + WhiteK(noise=1e-07)"
"Rational Quad, x:scaled, y:logshift",1.327,0.2515881585953996,1.76492,0.009627948825214203,0.0449296,0.0002450988095102256,-9.95653,"1.63**2 + RationalQuadratic(α=0.227, len_scale=2.81)"
"Rational Quad + WhiteK, x:scaled, y:logshift",1.327,0.2515869768117207,1.7649,0.009627852470238972,0.0449302,0.0002451024587844188,-9.95666,"1.63**2 * RationalQuadratic(α=0.227, len_scale=2.81) + WhiteK(noise=1e-07)"
"RBF + WhiteK, x:scaled, y:scaled",0.904766,0.9047658572112914,0.904766,0.0049356607023492635,0.0451224,0.0002461506526524275,-26.6388,"1.74**2 * RBF(len_scale=[10, 2.92, 0.388]) + WhiteK(noise=0.0126)"
"Locally Periodic + WhiteK, x:scaled, y:scaled",0.884739,0.8847393212767133,0.884739,0.004826412341982146,0.0452284,0.0002467291521131078,-26.155,"1.8**2 * RBF(len_scale=[2.69e+04, 3.39, 0.398]) * ExpSineSquared(len_scale=108, periodicity=0.0652) + WhiteK(noise=0.0191)"
"Matern 0.5, x:scaled, y:logshift-scaled",1.00782,1.007819062217153,1.08123,0.005898326405602327,0.0457677,0.0002496709022390198,-29.7922,"1.06**2 + Matern(len_scale=[10, 10, 0.298], nu=0.5)"
"Matern 0.5 + WhiteK, x:scaled, y:logshift-scaled",1.00782,1.0078193236106048,1.08123,0.005898326818802124,0.0457677,0.00024967130003967933,-29.7922,"1.06**2 * Matern(len_scale=[10, 10, 0.298], nu=0.5) + WhiteK(noise=1e-07)"
"Ridge + RQ + WhiteK, x:scaled, y:scaled",0.958335,0.9583345917230964,0.958335,0.005227887797013768,0.0464682,0.0002534921569755048,-33.529,"DotProduct(sigma_0=1e-07) + 1.12**2 * RationalQuadratic(α=1e+05, len_scale=0.883) + WhiteK(noise=1e-07)"
"Rational Quad + WhiteK, x:none, y:logshift",1.24554,0.23614366233976877,1.66703,0.009093929223404436,0.0466874,0.00025468837170359714,-10.5858,"1.6**2 * RationalQuadratic(α=0.233, len_scale=0.745) + WhiteK(noise=1e-07)"
"Rational Quad, x:none, y:logshift",1.24554,0.23614422131921328,1.66704,0.0090939934929239,0.04669,0.0002547023390619969,-10.5857,"1.6**2 + RationalQuadratic(α=0.233, len_scale=0.745)"
"Matern 1.5, x:none, y:logshift",1.30517,0.24744829427875176,2.82944,0.01543508980429152,0.0467932,0.00025526506183841266,-2.7502,"1.8**2 + Matern(len_scale=[4.39, 10, 0.317], nu=1.5)"
"Matern 1.5 + WhiteK, x:none, y:pow-scaled",0.477849,0.477848821367076,0.777483,0.004241310658049015,0.0467962,0.00025528182195418847,-29.9387,"0.924**2 * Matern(len_scale=[0.675, 0.555, 0.0682], nu=1.5) + WhiteK(noise=0.0262)"
"Matern 1.5 + WhiteK, x:scaled, y:pow-scaled",0.477849,0.47784884530734195,0.777483,0.004241310154298695,0.0467964,0.00025528269103420226,-29.9387,"0.924**2 * Matern(len_scale=[2.28, 2, 0.271], nu=1.5) + WhiteK(noise=0.0262)"
"Matern 2.5 + WhiteK, x:scaled, y:power",0.655578,0.00038008590803814755,0.953199,0.0051998738173846485,0.0471644,0.00025729032063545034,64.9676,"0.0632**2 * Matern(len_scale=[10, 2.74, 1.16], nu=2.5) + WhiteK(noise=5.02e-05)"
"RBF + WhiteK, x:none, y:pow-scaled",0.446203,0.44620320191768426,0.761718,0.004155306356419446,0.0471982,0.0002574748480065554,-29.4137,"0.95**2 * RBF(len_scale=[1.28, 0.364, 0.0753]) + WhiteK(noise=0.0768)"
"RBF + WhiteK, x:scaled, y:pow-scaled",0.446203,0.44620319307550116,0.761717,0.004155304927582874,0.0471982,0.0002574749148664035,-29.4137,"0.95**2 * RBF(len_scale=[4.33, 1.31, 0.299]) + WhiteK(noise=0.0768)"
"Matern 1.5 + WhiteK, x:none, y:power",0.587403,0.00034055981886609027,0.893369,0.004873486159249092,0.0475183,0.00025922071503087257,65.802,"0.074**2 * Matern(len_scale=[7.62, 1.24, 0.41], nu=1.5) + WhiteK(noise=5.07e-05)"
"Locally Periodic, x:scaled, y:none",1.22141,0.006662988661294019,1.22141,0.006662988661294019,0.0476603,0.00025999535080089393,33.7191,"0.128**2 * RBF(len_scale=[4.59e+03, 1e+05, 102]) + ExpSineSquared(len_scale=0.0001, periodicity=6.76e+04)"
"Matern 1.5, x:none, y:none",1.06174,0.005792001775509304,1.06174,0.005792001775509304,0.0482399,0.00026315707736346527,39.1647,"0.166**2 + Matern(len_scale=[1.54, 2.69, 0.193], nu=1.5)"
"Matern 1.5, x:scaled, y:none",1.06174,0.005792001639532305,1.06174,0.005792001639532305,0.0482399,0.00026315711700762627,39.1647,"0.166**2 + Matern(len_scale=[5.21, 9.68, 0.766], nu=1.5)"
"Matern 1.5 + WhiteK, x:scaled, y:power",0.617327,0.0003579093479293639,0.917255,0.0050037916739515634,0.0483882,0.00026396655465103856,65.4336,"0.0633**2 * Matern(len_scale=[10, 3.84, 1.58], nu=1.5) + WhiteK(noise=4.4e-05)"
"Ridge + RQ + WhiteK, x:scaled, y:none",0.99044,0.00540303129467263,0.99044,0.00540303129467263,0.0485453,0.0002648234666037319,27.9461,"DotProduct(sigma_0=0.111) + 0.0867**2 * RationalQuadratic(α=1e+05, len_scale=0.916) + WhiteK(noise=1e-07)"
"Matern 0.5 + WhiteK, x:none, y:logshift-scaled",1.05745,1.0574462140445209,1.16407,0.006350234918359344,0.0486285,0.0002652770144024095,-26.4445,"1.19**2 * Matern(len_scale=[10, 10, 0.119], nu=0.5) + WhiteK(noise=1e-07)"
"Matern 0.5, x:none, y:logshift-scaled",1.05745,1.0574486061693993,1.16408,0.006350256091186497,0.0486285,0.00026527706310631533,-26.4445,"1.19**2 + Matern(len_scale=[10, 10, 0.119], nu=0.5)"
"Matern 2.5, x:scaled, y:scaled",0.852931,0.8529307129652622,0.852931,0.004652890654809787,0.049003,0.0002673204231483553,-28.857,"1.22**2 + Matern(len_scale=[1.85, 4.32, 0.388], nu=2.5)"
"Local Sens + Ridge + Mat 2.5 + WhiteK, x:scaled, y:scaled",0.906877,0.906877491352697,0.906877,0.0049471800469027775,0.0493988,0.00026947944789800486,-29.7768,"0.0312**2 * Matern(len_scale=[0.032, 0.0975, 0.101], nu=1.5) + DotProduct(sigma_0=0.465) + 1.14**2 * Matern(len_scale=[3.08, 4.78, 0.306], nu=2.5) + WhiteK(noise=0.00227)"
"Matern 2.5, x:scaled, y:logshift-scaled",1.28444,1.284440003176086,2.09332,0.01141941252858328,0.0499887,0.0002726973851416674,-23.555,"1.88**2 + Matern(len_scale=[2.93, 8.47, 0.835], nu=2.5)"
"Linear + RBF + WhiteK, x:scaled, y:logshift",1.14711,0.21748156155640358,3.30083,0.0180066017845947,0.050302,0.00027440670882998786,-1.88988,"DotProduct(sigma_0=2.36) + 1.36**2 * RBF(len_scale=[10, 6.59, 0.584]) + WhiteK(noise=0.000247)"
"Matern 2.5 + WhiteK, x:none, y:none",0.975926,0.005323852433673022,0.975926,0.005323852433673022,0.0530152,0.0002892075025805731,41.0337,"0.229**2 * Matern(len_scale=[10, 1.71, 0.192], nu=2.5) + WhiteK(noise=7.47e-05)"
"RBF + WhiteK, x:scaled, y:power",0.703435,0.0004078318526809843,0.959631,0.005234960659250053,0.053471,0.0002916938439954627,63.8756,"0.062**2 * RBF(len_scale=[10, 1.66, 0.795]) + WhiteK(noise=5.98e-05)"
"Locally Periodic + WhiteK, x:scaled, y:pow-scaled",0.453004,0.45300382335760014,0.760102,0.004146495955727408,0.0541565,0.0002954334450809665,-29.2632,"0.921**2 * RBF(len_scale=[2.69e+04, 1.4, 0.265]) * ExpSineSquared(len_scale=4.76, periodicity=0.049) + WhiteK(noise=0.106)"
"Linear + RBF + WhiteK, x:none, y:logshift-scaled",0.961932,0.9619321994018518,2.02942,0.011070850316066583,0.0545151,0.00029738951686036815,-18.2655,"DotProduct(sigma_0=2.39) + 3.25**2 * RBF(len_scale=[10, 1.81, 0.14]) + WhiteK(noise=0.00168)"
"Linear + RBF + WhiteK, x:scaled, y:logshift-scaled",1.14698,1.1469828318868263,3.33677,0.018202690383041335,0.054773,0.00029879666858044805,-21.8616,"DotProduct(sigma_0=2.54) + 2.89**2 * RBF(len_scale=[10, 6.27, 0.563]) + WhiteK(noise=0.0014)"
"Matern 2.5, x:scaled, y:power",0.977461,0.0005667050163509556,1.0702,0.005838115442951543,0.0548815,0.0002993886805461967,59.6814,"0.0563**2 + Matern(len_scale=[1.8, 2.78, 0.991], nu=2.5)"
"Matern 2.5, x:none, y:power",0.977462,0.0005667053160196164,1.0702,0.00583813888191513,0.0548816,0.00029938893331908135,59.6814,"0.0563**2 + Matern(len_scale=[0.532, 0.773, 0.249], nu=2.5)"
"Matern 0.5, x:none, y:power",0.516464,0.00029943155166035836,0.79215,0.004321320873275605,0.0553744,0.0003020775673208571,67.2061,"0.0618**2 + Matern(len_scale=[10, 4.81, 1.29], nu=0.5)"
"Matern 0.5 + WhiteK, x:none, y:power",0.516485,0.00029944342080842113,0.792216,0.0043216819647185125,0.0553968,0.00030219945082582243,67.2056,"0.0618**2 * Matern(len_scale=[10, 4.81, 1.29], nu=0.5) + WhiteK(noise=1e-07)"
"Locally Periodic, x:scaled, y:logshift-scaled",1.12348,1.1234771252733946,1.6647,0.00908124229718976,0.0555256,0.00030290211427058856,-19.9385,"1.75**2 * RBF(len_scale=[1.75, 1.19e+04, 0.642]) + ExpSineSquared(len_scale=18, periodicity=2.9)"
"Matern 0.5, x:scaled, y:power",0.576435,0.0003342007508312612,0.821608,0.00448201765014668,0.0556227,0.0003034318076122243,65.4261,"0.0452**2 + Matern(len_scale=[10, 7.68, 2.78], nu=0.5)"
"Matern 0.5 + WhiteK, x:scaled, y:power",0.576449,0.0003342090868267615,0.821504,0.004481453098449773,0.0556356,0.00030350244318175056,65.4247,"0.0452**2 * Matern(len_scale=[10, 7.68, 2.78], nu=0.5) + WhiteK(noise=1e-07)"
"Matern 2.5, x:scaled, y:pow-scaled",0.532965,0.5329647576649831,0.832377,0.004540768300380528,0.0559719,0.00030533661180942004,-31.0092,"0.902**2 + Matern(len_scale=[0.986, 1.76, 0.187], nu=2.5)"
"Local Sens + Mat 2.5 + WhiteK, x:none, y:none",0.829054,0.004522640404408925,0.829054,0.004522640404408925,0.056197,0.00030656465325538447,42.196,"0.0925**2 * Matern(len_scale=[1.5, 1.8, 0.0903], nu=1.5) + 0.145**2 * Matern(len_scale=[10, 10, 2.29], nu=2.5) + WhiteK(noise=1.72e-05)"
"RBF + WhiteK, x:none, y:logshift",1.13025,0.21428612709192218,3.93745,0.021479478287350598,0.0562218,0.00030670023274369614,1.43521,"2.16**2 * RBF(len_scale=[10, 2.04, 0.157]) + WhiteK(noise=0.000338)"
"Local Sens + Mat 2.5 + WhiteK, x:scaled, y:pow-scaled",0.451758,0.4517583118299993,0.760927,0.004150996469614253,0.0563623,0.0003074666972239569,-29.8419,"0.152**2 * Matern(len_scale=[0.03, 0.102, 0.103], nu=1.5) + 0.937**2 * Matern(len_scale=[4, 1.55, 0.334], nu=2.5) + WhiteK(noise=0.0479)"
"Ridge + RQ + WhiteK, x:none, y:none",0.951092,0.005188376052699274,0.951092,0.005188376052699274,0.0564672,0.0003080387670913142,31.4206,"DotProduct(sigma_0=0.0725) + 0.0873**2 * RationalQuadratic(α=1e+05, len_scale=0.249) + WhiteK(noise=1e-07)"
"Matern 1.5 + WhiteK, x:none, y:scaled",0.860169,0.8601690757621301,0.860169,0.004692377227519287,0.0590081,0.000321899575307438,-27.4725,"1.28**2 * Matern(len_scale=[1.5, 1.87, 0.0839], nu=1.5) + WhiteK(noise=0.00313)"
"Matern 1.5 + WhiteK, x:scaled, y:scaled",0.860169,0.8601690995059713,0.860169,0.004692377357046218,0.0590081,0.0003219000662632064,-27.4725,"1.28**2 * Matern(len_scale=[5.06, 6.74, 0.333], nu=1.5) + WhiteK(noise=0.00313)"
"Rational Quad, x:none, y:logshift-scaled",1.14794,1.1479389005939877,1.4763,0.00805347959152837,0.0594204,0.0003241492089425706,-30.0595,"1.38**2 + RationalQuadratic(α=1e+05, len_scale=0.301)"
"Rational Quad + WhiteK, x:none, y:logshift-scaled",1.14794,1.147939538056107,1.4763,0.008053459627640714,0.0594211,0.00032415274642861864,-30.0595,"1.38**2 * RationalQuadratic(α=1e+05, len_scale=0.301) + WhiteK(noise=1e-07)"
"Locally Periodic, x:none, y:logshift-scaled",1.14787,1.147865468000551,1.47612,0.008052488901037056,0.0594571,0.00032434896598432586,-30.0599,"1.38**2 * RBF(len_scale=[4.59e+03, 11.1, 120]) + ExpSineSquared(len_scale=0.000847, periodicity=2.23e+03)"
"Ridge + RQ + WhiteK, x:none, y:logshift",1.21161,0.22971008946803387,1.64711,0.008985276584323397,0.0597819,0.00032612128085013234,-9.87479,"DotProduct(sigma_0=1.01) + 0.606**2 * RationalQuadratic(α=1e+05, len_scale=0.31) + WhiteK(noise=1e-07)"
"RBF, x:scaled, y:power",1.18932,0.0006895371589394387,1.12213,0.006121408299003319,0.0605267,0.0003301841032490905,55.6896,"0.0547**2 + RBF(len_scale=[1.01, 1.07, 1.08])"
"Matern 2.5 + WhiteK, x:scaled, y:none",1.03326,0.005636592716907797,1.03326,0.005636592716907797,0.0606172,0.00033067765026742425,39.7214,"0.191**2 * Matern(len_scale=[10, 5.67, 0.69], nu=2.5) + WhiteK(noise=6.54e-05)"
"Linear + RBF, x:scaled, y:logshift-scaled",1.15289,1.1528878050775309,1.67236,0.009123030361706584,0.0607182,0.00033122850681543666,-23.4254,"DotProduct(sigma_0=0.86) + 1.63**2 * RBF(len_scale=[1.78, 3.62, 0.697])"
"Linear + RBF, x:scaled, y:pow-scaled",0.605655,0.6056546529208242,0.768206,0.004190701700019718,0.0607919,0.00033163101248202305,-34.6466,"DotProduct(sigma_0=0.0029) + 0.955**2 * RBF(len_scale=[0.703, 1.14, 0.411])"
"Rational Quad, x:scaled, y:logshift-scaled",1.21613,1.2161255432732634,1.5634,0.00852860985940681,0.0608003,0.00033167662484948627,-29.5497,"1.38**2 + RationalQuadratic(α=1e+05, len_scale=1.11)"
"Rational Quad + WhiteK, x:scaled, y:logshift-scaled",1.21613,1.2161283742458453,1.5634,0.00852861283918346,0.0608033,0.0003316929154039282,-29.5497,"1.38**2 * RationalQuadratic(α=1e+05, len_scale=1.11) + WhiteK(noise=1e-07)"
"Matern 1.5 + WhiteK, x:none, y:logshift-scaled",1.12005,1.1200507388772787,1.49041,0.008130475501986622,0.0608572,0.00033198699443322244,-21.7392,"1.62**2 * Matern(len_scale=[3.21, 5.87, 0.109], nu=1.5) + WhiteK(noise=0.000424)"
"Matern 2.5, x:scaled, y:none",1.25234,0.0068317241918914124,1.25234,0.0068317241918914124,0.0617422,0.0003368149055723081,37.8856,"0.153**2 + Matern(len_scale=[2.45, 4.33, 0.862], nu=2.5)"
"Matern 2.5, x:none, y:none",1.25234,0.006831727166553444,1.25234,0.006831727166553444,0.0617423,0.00033681513415954417,37.8856,"0.153**2 + Matern(len_scale=[0.725, 1.2, 0.217], nu=2.5)"
"Matern 1.5 + WhiteK, x:scaled, y:logshift",1.47986,0.2805688768669909,2.61516,0.014266192330528928,0.0622205,0.0003394240112717137,-5.2977,"1.65**2 * Matern(len_scale=[8.81, 10, 2.07], nu=1.5) + WhiteK(noise=1e-07)"
"Matern 1.5, x:scaled, y:logshift",1.47987,0.28057077937382147,2.61516,0.014266192528065201,0.0622315,0.00033948393632680284,-5.2976,"1.65**2 + Matern(len_scale=[8.81, 10, 2.07], nu=1.5)"
"Linear + RBF, x:scaled, y:logshift",1.11198,0.21082224971434022,1.59602,0.008706563228519027,0.0625251,0.00034108573924793276,-4.18534,"DotProduct(sigma_0=1.62) + 0.795**2 * RBF(len_scale=[1.92, 3.79, 0.737])"
"Matern 0.5, x:none, y:scaled",0.859677,0.8596767446668653,0.859677,0.004689691472724193,0.0625836,0.0003414049793540325,-27.9445,"1.33**2 + Matern(len_scale=[10, 10, 0.149], nu=0.5)"
"Matern 0.5 + WhiteK, x:none, y:scaled",0.859677,0.8596767525284603,0.859677,0.00468969151561061,0.0625837,0.00034140509871696595,-27.9446,"1.33**2 * Matern(len_scale=[10, 10, 0.149], nu=0.5) + WhiteK(noise=1e-07)"
"Ridge + RQ + WhiteK, x:none, y:logshift-scaled",1.17415,1.1741500332952695,1.48872,0.008121241112635565,0.0628033,0.0003426030978971827,-30.2764,"DotProduct(sigma_0=1.22e-05) + 1.31**2 * RationalQuadratic(α=1e+05, len_scale=0.297) + WhiteK(noise=1e-07)"
"Matern 1.5 + WhiteK, x:scaled, y:none",1.00622,0.005489124964432613,1.00622,0.005489124964432613,0.0628662,0.00034294629566385284,40.0121,"0.188**2 * Matern(len_scale=[9.46, 9.89, 0.83], nu=1.5) + WhiteK(noise=2.46e-05)"
"Matern 1.5 + WhiteK, x:scaled, y:logshift-scaled",1.0909,1.0908977005133107,1.32518,0.007229081407859613,0.0629332,0.00034331181424208154,-22.4075,"1.33**2 * Matern(len_scale=[10, 10, 0.34], nu=1.5) + WhiteK(noise=0.000505)"
"Linear + RBF, x:none, y:none",0.938665,0.005120588432313872,0.938665,0.005120588432313872,0.0641486,0.0003499424377222433,34.8173,"DotProduct(sigma_0=9.05e-07) + 0.0927**2 * RBF(len_scale=[0.344, 0.565, 0.138])"
"Matern 0.5 + WhiteK, x:none, y:logshift",1.28101,0.24286840329118853,1.86655,0.01018237413955041,0.0642831,0.0003506761529592965,-10.0599,"0.912**2 * Matern(len_scale=[10, 10, 0.437], nu=0.5) + WhiteK(noise=1e-07)"
"Matern 0.5, x:none, y:logshift",1.28101,0.24286845144812363,1.86655,0.010182377319220507,0.0642832,0.0003506762221485755,-10.0599,"0.912**2 + Matern(len_scale=[10, 10, 0.437], nu=0.5)"
"RBF + WhiteK, x:scaled, y:logshift-scaled",1.22097,1.220966019049096,3.31704,0.018095033252336752,0.0645307,0.00035202647217471287,-20.43,"2.62**2 * RBF(len_scale=[10, 5.61, 0.504]) + WhiteK(noise=0.0018)"
"Rational Quad + WhiteK, x:scaled, y:power",0.610694,0.0003540632652800494,0.792891,0.0043253650990275234,0.0653075,0.00035626416382880855,64.6336,"0.0731**2 * RationalQuadratic(α=0.0409, len_scale=1.69) + WhiteK(noise=1e-07)"
"Rational Quad, x:scaled, y:power",0.610706,0.0003540704664787929,0.792831,0.004325033561009351,0.0653104,0.00035628008107160765,64.6347,"0.0731**2 + RationalQuadratic(α=0.0409, len_scale=1.69)"
"RBF, x:scaled, y:logshift-scaled",1.18937,1.1893674054599468,1.72015,0.009383750383165438,0.0653814,0.00035666744758049124,-21.8975,"1.55**2 + RBF(len_scale=[1.49, 4.26, 0.658])"
"RBF + WhiteK, x:scaled, y:logshift",1.52727,0.28955633168443373,7.69438,0.04197425020449409,0.0655773,0.0003577357873670401,-2.37742,"1.96**2 * RBF(len_scale=[10, 7.27, 0.627]) + WhiteK(noise=0.000311)"
"Linear + RBF, x:scaled, y:none",0.93849,0.0051196331186935465,0.93849,0.0051196331186935465,0.0659684,0.0003598697130734103,31.1028,"DotProduct(sigma_0=0.13) + 0.0901**2 * RBF(len_scale=[1.15, 2.07, 0.541])"
"Ridge + RQ + WhiteK, x:scaled, y:pow-scaled",0.668291,0.668291037807453,0.813487,0.0044377158685998605,0.0661801,0.0003610245430804482,-36.0303,"DotProduct(sigma_0=0.214) + 0.988**2 * RationalQuadratic(α=1e+05, len_scale=0.667) + WhiteK(noise=3.38e-07)"
"Linear + RBF, x:scaled, y:power",0.524778,0.0003042514861080431,0.715856,0.0039051260942919,0.0662368,0.00036133362367019066,53.2903,"DotProduct(sigma_0=0.0613) + 0.0234**2 * RBF(len_scale=[0.73, 1.21, 0.443])"
"Linear + RBF, x:scaled, y:scaled",0.928449,0.9284491666429813,0.928449,0.005064857420739875,0.0675879,0.00036870434974584234,-30.6671,"DotProduct(sigma_0=0.417) + 1.14**2 * RBF(len_scale=[1.1, 1.99, 0.509])"
"Linear + RBF, x:none, y:scaled",0.845975,0.8459750692067322,0.845975,0.004614946365373033,0.0688083,0.00037536147580823754,-28.7786,"DotProduct(sigma_0=9.05e-07) + 1.12**2 * RBF(len_scale=[0.315, 0.59, 0.124])"
"Matern 0.5 + WhiteK, x:none, y:pow-scaled",0.494827,0.49482687192095653,0.776808,0.004237624953587812,0.0688304,0.0003754822448044036,-30.4184,"0.959**2 * Matern(len_scale=[1.47, 0.83, 0.0842], nu=0.5) + WhiteK(noise=1e-07)"
"Matern 0.5, x:none, y:pow-scaled",0.494827,0.49482655955180954,0.776808,0.0042376255659778515,0.0688304,0.0003754824147245838,-30.4184,"0.959**2 + Matern(len_scale=[1.47, 0.83, 0.0842], nu=0.5)"
"Matern 0.5, x:scaled, y:pow-scaled",0.494826,0.49482648910995936,0.776808,0.0042376254806661484,0.0688304,0.0003754824781273995,-30.4184,"0.959**2 + Matern(len_scale=[4.95, 2.99, 0.334], nu=0.5)"
"Matern 0.5 + WhiteK, x:scaled, y:pow-scaled",0.494827,0.4948268134814007,0.776809,0.0042376307930281866,0.068831,0.00037548547097739494,-30.4184,"0.959**2 * Matern(len_scale=[4.95, 2.99, 0.334], nu=0.5) + WhiteK(noise=1e-07)"
"Matern 0.5, x:scaled, y:scaled",0.830876,0.8308755059681401,0.830876,0.0045325755284262624,0.0705162,0.00038467878606440265,-29.4577,"1.06**2 + Matern(len_scale=[10, 10, 0.323], nu=0.5)"
"Matern 0.5 + WhiteK, x:scaled, y:scaled",0.830876,0.830875890438776,0.830876,0.004532577625782824,0.0705164,0.00038467957474248854,-29.4577,"1.06**2 * Matern(len_scale=[10, 10, 0.323], nu=0.5) + WhiteK(noise=1e-07)"
"Rational Quad, x:none, y:none",0.932972,0.005089527902649634,0.932972,0.005089527902649634,0.0713091,0.0003890041503241907,35.7614,"0.167**2 + RationalQuadratic(α=0.218, len_scale=0.451)"
"Rational Quad + WhiteK, x:none, y:none",0.93295,0.0050894106203096656,0.93295,0.0050894106203096656,0.07132,0.00038906340172980875,35.7608,"0.167**2 * RationalQuadratic(α=0.217, len_scale=0.451) + WhiteK(noise=1e-07)"
"Matern 1.5 + WhiteK, x:none, y:logshift",1.25463,0.237867766677295,2.45325,0.013382903337512898,0.0732852,0.0003997841058442717,-2.15723,"2.07**2 * Matern(len_scale=[7, 10, 0.345], nu=1.5) + WhiteK(noise=9.53e-05)"
"Rational Quad, x:scaled, y:none",0.955269,0.005211164790699273,0.955269,0.005211164790699273,0.0744661,0.0004062257454465943,36.2873,"0.169**2 + RationalQuadratic(α=0.202, len_scale=1.7)"
"Rational Quad + WhiteK, x:scaled, y:none",0.955232,0.005210960410109601,0.955232,0.005210960410109601,0.0744707,0.0004062508970840639,36.2865,"0.169**2 * RationalQuadratic(α=0.202, len_scale=1.7) + WhiteK(noise=1e-07)"
"Matern 0.5, x:none, y:none",0.974761,0.0053174995359502545,0.974761,0.0053174995359502545,0.0747257,0.0004076421860737562,40.0216,"0.129**2 + Matern(len_scale=[10, 10, 0.299], nu=0.5)"
"Matern 0.5 + WhiteK, x:none, y:none",0.974762,0.005317499874573933,0.974762,0.005317499874573933,0.0747293,0.00040766170609747115,40.0209,"0.129**2 * Matern(len_scale=[10, 10, 0.299], nu=0.5) + WhiteK(noise=1e-07)"
"RBF, x:scaled, y:logshift",1.7289,0.32778505393007995,5.63455,0.030737467650714726,0.0750494,0.0004094079891167874,-5.99039,"1.47**2 + RBF(len_scale=[2.1, 5.66, 0.858])"
"Rational Quad + WhiteK, x:none, y:power",0.633511,0.0003672919988428137,0.810179,0.004419675009313106,0.0753325,0.00041095209843544704,64.0177,"0.0725**2 * RationalQuadratic(α=0.0422, len_scale=0.444) + WhiteK(noise=1e-07)"
"Rational Quad, x:none, y:power",0.633514,0.00036729399491980175,0.810133,0.0044194234675805815,0.0753343,0.00041096237083873777,64.0186,"0.0725**2 + RationalQuadratic(α=0.0422, len_scale=0.444)"
"Rational Quad, x:none, y:scaled",0.923082,0.9230819237186648,0.923082,0.005035578143929891,0.0755378,0.00041207225902527826,-32.4278,"1.15**2 + RationalQuadratic(α=1e+05, len_scale=0.234)"
"Rational Quad + WhiteK, x:none, y:scaled",0.923082,0.923082045604428,0.923082,0.005035578808838685,0.0755382,0.0004120746584867177,-32.4278,"1.15**2 * RationalQuadratic(α=1e+05, len_scale=0.234) + WhiteK(noise=1e-07)"
"Matern 2.5, x:none, y:logshift",1.72336,0.326733218241573,4.0124,0.02188838977314244,0.0762263,0.0004158284229561694,-4.00146,"1.97**2 + Matern(len_scale=[1.52, 2.91, 0.415], nu=2.5)"
"Ridge + RQ + WhiteK, x:scaled, y:power",0.648793,0.00037615209980928235,0.797803,0.004352157041378947,0.0765765,0.0004177386045433316,51.617,"DotProduct(sigma_0=0.0601) + 0.0245**2 * RationalQuadratic(α=1e+05, len_scale=0.694) + WhiteK(noise=1e-07)"
"Locally Periodic, x:scaled, y:power",1.19123,0.0006906426984119835,1.12133,0.006117060540809655,0.07682,0.0004190668722582518,55.6312,"0.0548**2 * RBF(len_scale=[4.59e+03, 87.9, 125]) + ExpSineSquared(len_scale=6.7e-05, periodicity=9.84e+04)"
"Matern 0.5 + WhiteK, x:scaled, y:none",1.00211,0.005466700663270335,1.00211,0.005466700663270335,0.0770744,0.0004204544860508079,36.7344,"0.113**2 * Matern(len_scale=[10, 10, 1.03], nu=0.5) + WhiteK(noise=1e-07)"
"Matern 0.5, x:scaled, y:none",1.00212,0.005466724331869136,1.00212,0.005466724331869136,0.0770747,0.0004204566315646049,36.7347,"0.113**2 + Matern(len_scale=[10, 10, 1.03], nu=0.5)"
"Linear + RBF, x:none, y:logshift",1.08432,0.20557753289117175,1.47104,0.00802476423345133,0.0772945,0.00042165555817544353,-3.49317,"DotProduct(sigma_0=9.05e-07) + 0.857**2 * RBF(len_scale=[0.559, 1.03, 0.189])"
"Matern 2.5 + WhiteK, x:none, y:scaled",0.895865,0.8958654485972857,0.895865,0.004887107370367438,0.0774243,0.00042236331297664306,-27.1547,"1.5**2 * Matern(len_scale=[10, 1.2, 0.0967], nu=2.5) + WhiteK(noise=0.02)"
"RBF, x:scaled, y:scaled",0.855018,0.855017932545909,0.855018,0.00466427681353722,0.0791965,0.00043203129261608873,-28.8597,"1.23**2 + RBF(len_scale=[1.06, 2.25, 0.514])"
"Rational Quad + WhiteK, x:none, y:pow-scaled",0.663102,0.6631015318991847,0.875309,0.0047749671469199005,0.0792705,0.0004324350860521319,-33.2227,"0.97**2 * RationalQuadratic(α=1e+05, len_scale=0.169) + WhiteK(noise=1e-07)"
"Rational Quad, x:none, y:pow-scaled",0.663101,0.6631014666133103,0.875309,0.0047749669449568925,0.0792707,0.0004324358712453739,-33.2227,"0.97**2 + RationalQuadratic(α=1e+05, len_scale=0.169)"
"Rational Quad + WhiteK, x:scaled, y:pow-scaled",0.661112,0.661111716938641,0.878206,0.0047907736979861636,0.0793462,0.00043284801472094213,-32.9314,"0.963**2 * RationalQuadratic(α=1e+05, len_scale=0.618) + WhiteK(noise=1e-07)"
"Rational Quad, x:scaled, y:pow-scaled",0.661112,0.6611116653542205,0.878206,0.004790773471068432,0.0793463,0.000432848162648589,-32.9314,"0.963**2 + RationalQuadratic(α=1e+05, len_scale=0.618)"
"Matern 1.5 + WhiteK, x:none, y:none",0.991592,0.0054093119193897865,0.991592,0.0054093119193897865,0.0793753,0.0004330064417862785,40.6047,"0.197**2 * Matern(len_scale=[10, 2.44, 0.211], nu=1.5) + WhiteK(noise=8.56e-05)"
"Matern 2.5, x:scaled, y:logshift",1.71606,0.32534989448829205,3.93986,0.021492650146821196,0.0794873,0.0004336174847673749,-4.00888,"1.93**2 + Matern(len_scale=[5.09, 10, 1.64], nu=2.5)"
"Locally Periodic, x:scaled, y:scaled",0.818886,0.8188856506444444,0.818886,0.00446716870822372,0.0800764,0.0004368311537458512,-31.5294,"1.01**2 * RBF(len_scale=[1.65, 1.19e+04, 0.031]) + ExpSineSquared(len_scale=4.41, periodicity=1.25e+04)"
"RBF, x:none, y:none",1.24453,0.006789140072992795,1.24453,0.006789140072992795,0.0804505,0.00043887187330375474,36.4334,"0.143**2 + RBF(len_scale=[0.372, 0.8, 0.164])"
"RBF, x:scaled, y:none",1.24453,0.006789137897067772,1.24453,0.006789137897067772,0.0804509,0.00043887426243444577,36.4334,"0.143**2 + RBF(len_scale=[1.25, 2.88, 0.652])"
"Ridge + RQ + WhiteK, x:none, y:scaled",0.914592,0.9145922124863782,0.914592,0.0049892652401332775,0.0808581,0.0004410955600930077,-32.5828,"DotProduct(sigma_0=1e-07) + 1.07**2 * RationalQuadratic(α=1e+05, len_scale=0.23) + WhiteK(noise=1e-07)"
"Matern 2.5 + WhiteK, x:scaled, y:scaled",0.884823,0.884822656500936,0.884823,0.0048268669506392236,0.0810854,0.00044233554721836895,-27.4557,"1.32**2 * Matern(len_scale=[10, 3.8, 0.327], nu=2.5) + WhiteK(noise=0.0148)"
"Matern 2.5 + WhiteK, x:none, y:logshift",1.34288,0.2545989274468572,3.28432,0.017916575112104698,0.0828328,0.0004518680327348461,-1.51378,"2.43**2 * Matern(len_scale=[10, 3.79, 0.289], nu=2.5) + WhiteK(noise=0.000426)"
"Locally Periodic, x:scaled, y:pow-scaled",0.607418,0.6074184618632804,0.862499,0.0047050847772500915,0.0830995,0.00045332256228636735,-31.8284,"0.954**2 * RBF(len_scale=[0.894, 1.19e+04, 0.439]) + ExpSineSquared(len_scale=0.0542, periodicity=123)"
"Ridge + RQ + WhiteK, x:none, y:power",0.65244,0.000378266486345211,0.790081,0.004310034699107488,0.0842156,0.00045941141450459786,55.0203,"DotProduct(sigma_0=0.0616) + 0.0248**2 * RationalQuadratic(α=1e+05, len_scale=0.19) + WhiteK(noise=1e-07)"
"Rational Quad, x:scaled, y:scaled",0.93519,0.9351899765964841,0.93519,0.005101629753077941,0.0851176,0.0004643318192376277,-32.0666,"1.15**2 + RationalQuadratic(α=1e+05, len_scale=0.86)"
"Rational Quad + WhiteK, x:scaled, y:scaled",0.935188,0.9351881677215891,0.935188,0.0051016198853396045,0.0851185,0.00046433650844787216,-32.0666,"1.15**2 * RationalQuadratic(α=1e+05, len_scale=0.86) + WhiteK(noise=1e-07)"
"Locally Periodic + WhiteK, x:none, y:pow-scaled",0.692412,0.6924120444168742,0.897872,0.004898053358102981,0.0869508,0.0004743324971374803,-33.1496,"1.04**2 * RBF(len_scale=[405, 4.14, 512]) * ExpSineSquared(len_scale=0.667, periodicity=1.63) + WhiteK(noise=0.000236)"
"RBF, x:scaled, y:pow-scaled",0.574101,0.5741008808226122,0.861396,0.004699069520326219,0.0895842,0.0004886977853406539,-31.6488,"0.892**2 + RBF(len_scale=[0.648, 1.37, 0.166])"
"RBF + WhiteK, x:none, y:power",0.749229,0.00043438234785389936,0.823601,0.004492894039434285,0.0951556,0.0005190908658387487,61.77,"0.0649**2 * RBF(len_scale=[10, 10, 0.103]) + WhiteK(noise=0.000146)"
"Locally Periodic, x:none, y:logshift",1.53266,0.2905794713249612,3.80699,0.020767811124936336,0.0990395,0.0005402782117670357,-13.4263,"1.19**2 * RBF(len_scale=[4.59e+03, 206, 124]) + ExpSineSquared(len_scale=0.00102, periodicity=2.51e+03)"
"Ridge + RQ + WhiteK, x:none, y:pow-scaled",0.633112,0.6331122247522847,0.813522,0.0044379113926278375,0.0997001,0.0005438821457985048,-34.2065,"DotProduct(sigma_0=1.55e-05) + 0.966**2 * RationalQuadratic(α=1e+05, len_scale=0.176) + WhiteK(noise=1e-07)"
"RBF + WhiteK, x:none, y:logshift-scaled",1.20777,1.2077692254264163,2.21607,0.01208905941667474,0.103991,0.0005672886786479643,-18.9823,"1.67**2 * RBF(len_scale=[10, 10, 0.0705]) + WhiteK(noise=0.0134)"
"Matern 2.5 + WhiteK, x:none, y:logshift-scaled",1.13567,1.135666159030033,1.66141,0.009063306530633378,0.11042,0.0006023635277155283,-20.6682,"1.73**2 * Matern(len_scale=[10, 10, 0.1], nu=2.5) + WhiteK(noise=0.014)"
"Locally Periodic + WhiteK, x:none, y:none",1.07049,0.005839693770399446,1.07049,0.005839693770399446,0.122719,0.0006694549323305997,31.7848,"0.118**2 * RBF(len_scale=[2.69e+04, 0.0357, 1e+05]) * ExpSineSquared(len_scale=6.16, periodicity=0.0441) + WhiteK(noise=0.000366)"
"Periodic, x:none, y:none",2.37003,0.0129289581022393,2.37003,0.0129289581022393,0.124688,0.00068019506788793,20.3905,"0.114**2 + ExpSineSquared(len_scale=6.04e-07, periodicity=0.0298)"
"Periodic, x:scaled, y:none",2.37003,0.0129289581022393,2.37003,0.0129289581022393,0.124688,0.00068019506788793,20.3905,"0.114**2 + ExpSineSquared(len_scale=6.04e-07, periodicity=0.0298)"
"Periodic + WhiteK, x:scaled, y:none",2.31054,0.012604386057015695,2.31054,0.012604386057015695,0.130741,0.0007132131887383447,21.0782,"0.105**2 * ExpSineSquared(len_scale=0.00158, periodicity=0.000286) + WhiteK(noise=2.14e-05)"
"Locally Periodic + WhiteK, x:scaled, y:none",0.247381,0.0013495054376692888,0.247381,0.0013495054376692888,0.152788,0.0008334851297958108,33.1737,"0.135**2 * RBF(len_scale=[2.69e+04, 0.146, 290]) * ExpSineSquared(len_scale=5.37, periodicity=0.0711) + WhiteK(noise=1.95e-05)"
"Linear + RBF, x:none, y:pow-scaled",0.588991,0.5889905583917207,0.821169,0.004479627385184705,0.18676,0.0010188117357120665,-33.4953,"DotProduct(sigma_0=0.000204) + 0.885**2 * RBF(len_scale=[0.275, 10, 0.00522])"
"Linear + RBF, x:none, y:logshift-scaled",0.996365,0.9963647349377512,1.07768,0.005878948516191286,0.18716,0.0010209925015694519,-28.5636,"DotProduct(sigma_0=0.00021) + 0.974**2 * RBF(len_scale=[0.711, 10, 0.0137])"
"Linear + RBF, x:none, y:power",0.659243,0.000382210834454099,0.836395,0.004562685257829193,0.211134,0.001151774742167012,55.0211,"DotProduct(sigma_0=0.0533) + 0.022**2 * RBF(len_scale=[0.273, 10, 0.00554])"
"Periodic, x:none, y:logshift-scaled",0.9861,0.9860997611762335,1.13571,0.006195518567628007,0.23943,0.0013061341121717335,-34.0925,"1.18**2 + ExpSineSquared(len_scale=0.00549, periodicity=2.35e-07)"
"RBF, x:none, y:pow-scaled",0.77807,0.7780700372760431,0.943154,0.005145076237599438,0.249716,0.0013622449045144357,-34.6722,"0.983**2 + RBF(len_scale=[0.22, 0.0142, 1.8])"
"Matern 2.5, x:none, y:pow-scaled",0.780787,0.7807873113694508,0.945199,0.005156231336531242,0.252687,0.0013784553074721155,-34.648,"0.98**2 + Matern(len_scale=[0.252, 0.0164, 2.25], nu=2.5)"
"Locally Periodic + WhiteK, x:none, y:scaled",0.924705,0.9247046750506925,0.924705,0.005044430544708874,0.253395,0.0013823178623795934,-34.2569,"1.17**2 * RBF(len_scale=[2.69e+04, 0.0275, 1e+05]) * ExpSineSquared(len_scale=2.88, periodicity=0.0478) + WhiteK(noise=1e-07)"
"Matern 1.5, x:none, y:pow-scaled",0.782901,0.782901447185279,0.944766,0.005153868504855299,0.255811,0.0013954947992240651,-34.6353,"0.978**2 + Matern(len_scale=[0.279, 0.0175, 2.76], nu=1.5)"
"RBF, x:none, y:power",1.83417,0.0010634002124172437,1.06569,0.005813518624184762,0.268239,0.0014632920903838399,53.6219,"0.0586**2 + RBF(len_scale=[0.319, 0.0798, 4.44])"
"Matern 1.5, x:none, y:scaled",0.972188,0.9721878581657095,0.972188,0.005303459860476383,0.293559,0.0016014159369719934,-33.998,"1.09**2 + Matern(len_scale=[0.701, 0.0234, 5.11], nu=1.5)"
"Matern 2.5, x:none, y:scaled",0.974759,0.9747592726595635,0.974759,0.005317487389660435,0.29392,0.00160338558954464,-33.9248,"1.09**2 + Matern(len_scale=[0.572, 0.0225, 3.97], nu=2.5)"
"RBF, x:none, y:scaled",0.980629,0.9806292354549015,0.980629,0.005349509093908318,0.294364,0.0016058093758382936,-33.8648,"1.09**2 + RBF(len_scale=[0.444, 0.0202, 3.08])"
"Linear + RBF + WhiteK, x:scaled, y:power",0.84054,0.00048732149390845155,0.904947,0.004936647314462656,0.308658,0.0016837864963861395,48.7662,"DotProduct(sigma_0=0.0548) + 0.0241**2 * RBF(len_scale=[0.761, 0.0687, 10]) + WhiteK(noise=1e-07)"
"Periodic + WhiteK, x:scaled, y:logshift",1.09718,0.2080162805401058,1.39478,0.007608788106132543,0.342692,0.0018694442215256544,-17.7554,"0.991**2 * ExpSineSquared(len_scale=5.18, periodicity=7.52) + WhiteK(noise=0.152)"
"RBF, x:none, y:logshift-scaled",1.00026,1.0002571997650018,1.25169,0.006828187720106282,0.348863,0.0019031088136052725,-29.911,"1.13**2 + RBF(len_scale=[0.852, 0.0237, 6.01])"
"Locally Periodic, x:none, y:pow-scaled",0.815936,0.8159357759142538,0.938832,0.005121498318751921,0.388904,0.002121538824329829,-35.4678,"0.988**2 * RBF(len_scale=[711, 0.00349, 1.87]) + ExpSineSquared(len_scale=8.4, periodicity=2.63e-05)"
"Locally Periodic, x:none, y:scaled",0.926092,0.9260915064610882,0.926092,0.005051995959825413,0.432255,0.002358026968369832,-35.576,"0.901**2 * RBF(len_scale=[711, 0.00313, 3.52]) + ExpSineSquared(len_scale=8.5, periodicity=0.000274)"
"Locally Periodic + WhiteK, x:scaled, y:logshift-scaled",0.99756,0.9975597759098107,1.04461,0.005698546494111476,0.445788,0.0024318528022556594,-36.3169,"1.02**2 * RBF(len_scale=[0.0384, 0.000144, 3.98e+03]) * ExpSineSquared(len_scale=0.0109, periodicity=1e+05) + WhiteK(noise=0.00357)"
"Locally Periodic + WhiteK, x:none, y:logshift-scaled",0.997381,0.9973812557434909,1.04148,0.005681480368992316,0.445826,0.0024320585119667697,-36.3161,"1.02**2 * RBF(len_scale=[0.0145, 0.0346, 32.9]) * ExpSineSquared(len_scale=711, periodicity=0.00159) + WhiteK(noise=0.00352)"
"Locally Periodic + WhiteK, x:none, y:logshift",1.07817,0.204412592901717,1.24844,0.006810456677303575,0.455343,0.0024839798176673525,-18.892,"1.11**2 * RBF(len_scale=[5.99, 1e+05, 9.96e+04]) * ExpSineSquared(len_scale=1.48e+03, periodicity=0.0182) + WhiteK(noise=0.194)"
"Periodic + WhiteK, x:none, y:logshift-scaled",0.999994,0.9999941255007966,1.03618,0.0056525449217317714,0.468477,0.002555628153451678,-38.3113,"0.0034**2 * ExpSineSquared(len_scale=0.334, periodicity=0.00619) + WhiteK(noise=1)"
"Periodic, x:scaled, y:logshift-scaled",1,0.9999999999999999,1.0362,0.005652665299114588,0.468505,0.0025557787615054666,-38.3113,"1**2 + ExpSineSquared(len_scale=1.46e-07, periodicity=5.74)"
"Periodic + WhiteK, x:scaled, y:logshift-scaled",1,0.9999999999999999,1.0362,0.005652665297524411,0.468505,0.0025557787670673596,-38.3113,"0.995**2 * ExpSineSquared(len_scale=6.04e-07, periodicity=0.0298) + WhiteK(noise=0.00973)"
"Periodic + WhiteK, x:none, y:logshift",1.22789,0.23279773766193138,1.92402,0.010495902775353476,0.524339,0.0028603617715269123,-17.2482,"1.45**2 * ExpSineSquared(len_scale=3.54, periodicity=2.19) + WhiteK(noise=0.126)"
"Periodic + WhiteK, x:none, y:none",1.03624,0.005652880260450886,1.03624,0.005652880260450886,0.61709,0.003366338147381378,29.9996,"0.117**2 * ExpSineSquared(len_scale=8.61, periodicity=1.51) + WhiteK(noise=0.00553)"
"Periodic + WhiteK, x:none, y:pow-scaled",0.999984,0.9999843189162073,1.00188,0.005465461853276265,0.68525,0.0037381603849073676,-38.3112,"0.0034**2 * ExpSineSquared(len_scale=0.334, periodicity=0.000877) + WhiteK(noise=1)"
"Periodic + WhiteK, x:scaled, y:pow-scaled",0.99999,0.9999903849257243,1.0019,0.005465518528416063,0.685265,0.003738245847918689,-38.3113,"0.00339**2 * ExpSineSquared(len_scale=0.333, periodicity=0.0019) + WhiteK(noise=1)"
"Periodic, x:none, y:pow-scaled",1,0.9999999999999999,1.0019,0.005465533671219498,0.685282,0.0037383360606322723,-38.3113,"1**2 + ExpSineSquared(len_scale=1.46e-07, periodicity=5.74)"
"Periodic, x:none, y:scaled",0.997202,0.9972021508274774,0.997202,0.005439917332101463,0.72546,0.0039575147069386375,-37.246,"1.18**2 + ExpSineSquared(len_scale=0.00549, periodicity=2.35e-07)"
"Locally Periodic + WhiteK, x:none, y:power",1.07806,0.0006250274667056996,1.05387,0.005749047842468421,0.751324,0.004098608873765191,59.3992,"0.0515**2 * RBF(len_scale=[1e+05, 4.7e+03, 1.37e+04]) * ExpSineSquared(len_scale=3.73e+04, periodicity=58.1) + WhiteK(noise=0.000602)"
"Locally Periodic + WhiteK, x:scaled, y:power",1.07807,0.0006250359164160905,1.05387,0.005749025969775321,0.751363,0.004098821456267464,59.399,"0.0515**2 * RBF(len_scale=[4.96e+04, 565, 2.48e+04]) * ExpSineSquared(len_scale=8.88e+03, periodicity=9.53) + WhiteK(noise=0.000602)"
"Periodic + WhiteK, x:none, y:power",1.08207,0.0006273516002291937,1.05589,0.005760079853842494,0.754433,0.004115570250446043,59.3643,"0.0503**2 * ExpSineSquared(len_scale=10, periodicity=10) + WhiteK(noise=0.000603)"
"Periodic + WhiteK, x:none, y:scaled",0.999999,0.9999992029142646,0.999999,0.005455175754993029,0.757938,0.004134687224913252,-38.3113,"0.00341**2 * ExpSineSquared(len_scale=0.335, periodicity=0.00166) + WhiteK(noise=1)"
"Periodic, x:scaled, y:scaled",1,0.9999999999999994,1,0.00545518010323927,0.757946,0.0041347330597002315,-38.3113,"1**2 + ExpSineSquared(len_scale=1.46e-07, periodicity=5.74)"
"Periodic + WhiteK, x:scaled, y:scaled",0.999999,0.9999993723849708,0.999999,0.005455176679486253,0.757949,0.0041347483426767894,-38.3113,"0.00337**2 * ExpSineSquared(len_scale=0.334, periodicity=0.0388) + WhiteK(noise=1)"
"Periodic, x:scaled, y:pow-scaled",0.997534,0.9975335150290706,0.988549,0.005392711540112251,0.777511,0.0042414609586120125,-37.9107,"1.18**2 + ExpSineSquared(len_scale=0.00549, periodicity=2.35e-07)"
"Locally Periodic + WhiteK, x:scaled, y:logshift",1.20196,0.2278816359507917,1.84016,0.0100383958996313,0.829622,0.0045257385005817545,-18.2407,"1.46**2 * RBF(len_scale=[2.69e+04, 1.75e+03, 10.2]) * ExpSineSquared(len_scale=46, periodicity=0.0606) + WhiteK(noise=0.173)"
"Linear + RBF + WhiteK, x:scaled, y:none",1.14567,0.006249823324649906,1.14567,0.006249823324649906,0.830185,0.004528807027511245,20.6716,"DotProduct(sigma_0=0.0843) + 0.0751**2 * RBF(len_scale=[3.31e-07, 10, 6.08]) + WhiteK(noise=1e-07)"
"RBF, x:none, y:logshift",1.65029,0.3128799207823241,12.8953,0.0703463675274257,0.83541,0.004557309521074926,-21.6156,"1.1**2 + RBF(len_scale=[1.2, 0.0421, 6.93])"
"Periodic, x:none, y:logshift",7.02547,1.3319688123731945,464.011,2.5312613369059953,384.878,2.099576889206017,-41.3648,"1.18**2 + ExpSineSquared(len_scale=0.00549, periodicity=2.35e-07)"
"Periodic, x:scaled, y:logshift",6.73195,1.2763194913383964,436.463,2.380986377302128,395.17,2.155721959466083,-42.0187,"1.18**2 + ExpSineSquared(len_scale=0.00549, periodicity=2.35e-07)"
